<annotation>
	<folder>MARMOT_ANNOTATION</folder>
	<filename>10.1.1.192.1811_6.bmp</filename>
	<path>/home/monika/Desktop/MARMOT_ANNOTATION/10.1.1.192.1811_6.bmp</path>
	<source>
		<database>Unknown</database>
	</source>
	<size>
		<width>672</width>
		<height>864</height>
		<depth>3</depth>
	</size>
	<segmented>0</segmented>
	<object>
		<name>column</name>
		<pose>Unspecified</pose>
		<truncated>0</truncated>
		<difficult>0</difficult>
		<bndbox>
			<xmin>78</xmin>
			<ymin>142</ymin>
			<xmax>194</xmax>
			<ymax>738</ymax>
		</bndbox>
	</object>
	<object>
		<name>column</name>
		<pose>Unspecified</pose>
		<truncated>0</truncated>
		<difficult>0</difficult>
		<bndbox>
			<xmin>226</xmin>
			<ymin>140</ymin>
			<xmax>607</xmax>
			<ymax>732</ymax>
		</bndbox>
	</object>
</annotation>
