<annotation>
	<folder>MARMOT_ANNOTATION</folder>
	<filename>10.1.1.160.581_3.bmp</filename>
	<path>/home/monika/Desktop/MARMOT_ANNOTATION/10.1.1.160.581_3.bmp</path>
	<source>
		<database>Unknown</database>
	</source>
	<size>
		<width>651</width>
		<height>961</height>
		<depth>1</depth>
	</size>
	<segmented>0</segmented>
	<object>
		<name>column</name>
		<pose>Unspecified</pose>
		<truncated>0</truncated>
		<difficult>0</difficult>
		<bndbox>
			<xmin>201</xmin>
			<ymin>112</ymin>
			<xmax>260</xmax>
			<ymax>289</ymax>
		</bndbox>
	</object>
	<object>
		<name>column</name>
		<pose>Unspecified</pose>
		<truncated>0</truncated>
		<difficult>0</difficult>
		<bndbox>
			<xmin>276</xmin>
			<ymin>115</ymin>
			<xmax>356</xmax>
			<ymax>291</ymax>
		</bndbox>
	</object>
	<object>
		<name>column</name>
		<pose>Unspecified</pose>
		<truncated>0</truncated>
		<difficult>0</difficult>
		<bndbox>
			<xmin>369</xmin>
			<ymin>116</ymin>
			<xmax>465</xmax>
			<ymax>288</ymax>
		</bndbox>
	</object>
</annotation>
