<annotation>
	<folder>MARMOT_ANNOTATION</folder>
	<filename>10.1.1.100.291_4.bmp</filename>
	<path>/home/monika/Desktop/MARMOT_ANNOTATION/10.1.1.100.291_4.bmp</path>
	<source>
		<database>Unknown</database>
	</source>
	<size>
		<width>793</width>
		<height>1043</height>
		<depth>1</depth>
	</size>
	<segmented>0</segmented>
	<object>
		<name>column</name>
		<pose>Unspecified</pose>
		<truncated>0</truncated>
		<difficult>0</difficult>
		<bndbox>
			<xmin>63</xmin>
			<ymin>674</ymin>
			<xmax>88</xmax>
			<ymax>959</ymax>
		</bndbox>
	</object>
	<object>
		<name>column</name>
		<pose>Unspecified</pose>
		<truncated>0</truncated>
		<difficult>0</difficult>
		<bndbox>
			<xmin>105</xmin>
			<ymin>675</ymin>
			<xmax>149</xmax>
			<ymax>958</ymax>
		</bndbox>
	</object>
	<object>
		<name>column</name>
		<pose>Unspecified</pose>
		<truncated>0</truncated>
		<difficult>0</difficult>
		<bndbox>
			<xmin>172</xmin>
			<ymin>673</ymin>
			<xmax>214</xmax>
			<ymax>960</ymax>
		</bndbox>
	</object>
	<object>
		<name>column</name>
		<pose>Unspecified</pose>
		<truncated>0</truncated>
		<difficult>0</difficult>
		<bndbox>
			<xmin>243</xmin>
			<ymin>674</ymin>
			<xmax>306</xmax>
			<ymax>954</ymax>
		</bndbox>
	</object>
	<object>
		<name>column</name>
		<pose>Unspecified</pose>
		<truncated>0</truncated>
		<difficult>0</difficult>
		<bndbox>
			<xmin>329</xmin>
			<ymin>679</ymin>
			<xmax>434</xmax>
			<ymax>956</ymax>
		</bndbox>
	</object>
	<object>
		<name>column</name>
		<pose>Unspecified</pose>
		<truncated>0</truncated>
		<difficult>0</difficult>
		<bndbox>
			<xmin>455</xmin>
			<ymin>680</ymin>
			<xmax>535</xmax>
			<ymax>950</ymax>
		</bndbox>
	</object>
	<object>
		<name>column</name>
		<pose>Unspecified</pose>
		<truncated>0</truncated>
		<difficult>0</difficult>
		<bndbox>
			<xmin>558</xmin>
			<ymin>650</ymin>
			<xmax>706</xmax>
			<ymax>948</ymax>
		</bndbox>
	</object>
</annotation>
