<annotation>
	<folder>MARMOT_ANNOTATION</folder>
	<filename>10.1.1.160.581_25.bmp</filename>
	<path>/home/monika/Desktop/MARMOT_ANNOTATION/10.1.1.160.581_25.bmp</path>
	<source>
		<database>Unknown</database>
	</source>
	<size>
		<width>651</width>
		<height>961</height>
		<depth>1</depth>
	</size>
	<segmented>0</segmented>
	<object>
		<name>column</name>
		<pose>Unspecified</pose>
		<truncated>0</truncated>
		<difficult>0</difficult>
		<bndbox>
			<xmin>97</xmin>
			<ymin>114</ymin>
			<xmax>183</xmax>
			<ymax>405</ymax>
		</bndbox>
	</object>
	<object>
		<name>column</name>
		<pose>Unspecified</pose>
		<truncated>0</truncated>
		<difficult>0</difficult>
		<bndbox>
			<xmin>208</xmin>
			<ymin>112</ymin>
			<xmax>295</xmax>
			<ymax>408</ymax>
		</bndbox>
	</object>
	<object>
		<name>column</name>
		<pose>Unspecified</pose>
		<truncated>0</truncated>
		<difficult>0</difficult>
		<bndbox>
			<xmin>327</xmin>
			<ymin>114</ymin>
			<xmax>566</xmax>
			<ymax>408</ymax>
		</bndbox>
	</object>
</annotation>
