<annotation>
	<folder>MARMOT_ANNOTATION</folder>
	<filename>10.1.1.120.1546_10.bmp</filename>
	<path>/home/monika/Desktop/MARMOT_ANNOTATION/10.1.1.120.1546_10.bmp</path>
	<source>
		<database>Unknown</database>
	</source>
	<size>
		<width>816</width>
		<height>1056</height>
		<depth>1</depth>
	</size>
	<segmented>0</segmented>
	<object>
		<name>column</name>
		<pose>Unspecified</pose>
		<truncated>0</truncated>
		<difficult>0</difficult>
		<bndbox>
			<xmin>199</xmin>
			<ymin>114</ymin>
			<xmax>310</xmax>
			<ymax>557</ymax>
		</bndbox>
	</object>
	<object>
		<name>column</name>
		<pose>Unspecified</pose>
		<truncated>0</truncated>
		<difficult>0</difficult>
		<bndbox>
			<xmin>431</xmin>
			<ymin>113</ymin>
			<xmax>575</xmax>
			<ymax>558</ymax>
		</bndbox>
	</object>
</annotation>
