<annotation verified="yes">
	<folder>MARMOT_ANNOTATION</folder>
	<filename>10.1.1.1.2006_3.bmp</filename>
	<path>/home/monika/Desktop/MARMOT_ANNOTATION/10.1.1.1.2006_3.bmp</path>
	<source>
		<database>Unknown</database>
	</source>
	<size>
		<width>793</width>
		<height>1123</height>
		<depth>3</depth>
	</size>
	<segmented>0</segmented>
	<object>
		<name>column</name>
		<pose>Unspecified</pose>
		<truncated>0</truncated>
		<difficult>0</difficult>
		<bndbox>
			<xmin>458</xmin>
			<ymin>710</ymin>
			<xmax>517</xmax>
			<ymax>785</ymax>
		</bndbox>
	</object>
	<object>
		<name>column</name>
		<pose>Unspecified</pose>
		<truncated>0</truncated>
		<difficult>0</difficult>
		<bndbox>
			<xmin>531</xmin>
			<ymin>710</ymin>
			<xmax>568</xmax>
			<ymax>783</ymax>
		</bndbox>
	</object>
	<object>
		<name>column</name>
		<pose>Unspecified</pose>
		<truncated>0</truncated>
		<difficult>0</difficult>
		<bndbox>
			<xmin>583</xmin>
			<ymin>712</ymin>
			<xmax>619</xmax>
			<ymax>785</ymax>
		</bndbox>
	</object>
	<object>
		<name>column</name>
		<pose>Unspecified</pose>
		<truncated>0</truncated>
		<difficult>0</difficult>
		<bndbox>
			<xmin>637</xmin>
			<ymin>712</ymin>
			<xmax>670</xmax>
			<ymax>784</ymax>
		</bndbox>
	</object>
</annotation>
