<annotation>
	<folder>MARMOT_ANNOTATION</folder>
	<filename>10.1.1.180.564_70.bmp</filename>
	<path>/home/monika/Desktop/MARMOT_ANNOTATION/10.1.1.180.564_70.bmp</path>
	<source>
		<database>Unknown</database>
	</source>
	<size>
		<width>816</width>
		<height>1056</height>
		<depth>1</depth>
	</size>
	<segmented>0</segmented>
	<object>
		<name>column</name>
		<pose>Unspecified</pose>
		<truncated>0</truncated>
		<difficult>0</difficult>
		<bndbox>
			<xmin>128</xmin>
			<ymin>641</ymin>
			<xmax>494</xmax>
			<ymax>794</ymax>
		</bndbox>
	</object>
	<object>
		<name>column</name>
		<pose>Unspecified</pose>
		<truncated>0</truncated>
		<difficult>0</difficult>
		<bndbox>
			<xmin>521</xmin>
			<ymin>642</ymin>
			<xmax>643</xmax>
			<ymax>801</ymax>
		</bndbox>
	</object>
</annotation>
