<annotation>
	<folder>MARMOT_ANNOTATION</folder>
	<filename>10.1.1.20.2130_25.bmp</filename>
	<path>/home/monika/Desktop/MARMOT_ANNOTATION/10.1.1.20.2130_25.bmp</path>
	<source>
		<database>Unknown</database>
	</source>
	<size>
		<width>816</width>
		<height>1056</height>
		<depth>1</depth>
	</size>
	<segmented>0</segmented>
	<object>
		<name>column</name>
		<pose>Unspecified</pose>
		<truncated>0</truncated>
		<difficult>0</difficult>
		<bndbox>
			<xmin>144</xmin>
			<ymin>189</ymin>
			<xmax>384</xmax>
			<ymax>692</ymax>
		</bndbox>
	</object>
	<object>
		<name>column</name>
		<pose>Unspecified</pose>
		<truncated>0</truncated>
		<difficult>0</difficult>
		<bndbox>
			<xmin>413</xmin>
			<ymin>208</ymin>
			<xmax>490</xmax>
			<ymax>694</ymax>
		</bndbox>
	</object>
	<object>
		<name>column</name>
		<pose>Unspecified</pose>
		<truncated>0</truncated>
		<difficult>0</difficult>
		<bndbox>
			<xmin>515</xmin>
			<ymin>208</ymin>
			<xmax>562</xmax>
			<ymax>684</ymax>
		</bndbox>
	</object>
	<object>
		<name>column</name>
		<pose>Unspecified</pose>
		<truncated>0</truncated>
		<difficult>0</difficult>
		<bndbox>
			<xmin>572</xmin>
			<ymin>208</ymin>
			<xmax>634</xmax>
			<ymax>696</ymax>
		</bndbox>
	</object>
	<object>
		<name>column</name>
		<pose>Unspecified</pose>
		<truncated>0</truncated>
		<difficult>0</difficult>
		<bndbox>
			<xmin>655</xmin>
			<ymin>208</ymin>
			<xmax>701</xmax>
			<ymax>689</ymax>
		</bndbox>
	</object>
</annotation>
