<annotation>
	<folder>leftover</folder>
	<filename>10.1.1.7.2137_3.bmp</filename>
	<path>/home/shubham/Desktop/MARMOT_ANNOTATION/leftover/10.1.1.7.2137_3.bmp</path>
	<source>
		<database>Unknown</database>
	</source>
	<size>
		<width>792</width>
		<height>1123</height>
		<depth>1</depth>
	</size>
	<segmented>0</segmented>
	<object>
		<name>column</name>
		<pose>Unspecified</pose>
		<truncated>0</truncated>
		<difficult>0</difficult>
		<bndbox>
			<xmin>77</xmin>
			<ymin>74</ymin>
			<xmax>141</xmax>
			<ymax>419</ymax>
		</bndbox>
	</object>
	<object>
		<name>column</name>
		<pose>Unspecified</pose>
		<truncated>0</truncated>
		<difficult>0</difficult>
		<bndbox>
			<xmin>156</xmin>
			<ymin>74</ymin>
			<xmax>233</xmax>
			<ymax>418</ymax>
		</bndbox>
	</object>
	<object>
		<name>column</name>
		<pose>Unspecified</pose>
		<truncated>0</truncated>
		<difficult>0</difficult>
		<bndbox>
			<xmin>246</xmin>
			<ymin>73</ymin>
			<xmax>350</xmax>
			<ymax>417</ymax>
		</bndbox>
	</object>
	<object>
		<name>column</name>
		<pose>Unspecified</pose>
		<truncated>0</truncated>
		<difficult>0</difficult>
		<bndbox>
			<xmin>431</xmin>
			<ymin>391</ymin>
			<xmax>486</xmax>
			<ymax>746</ymax>
		</bndbox>
	</object>
	<object>
		<name>column</name>
		<pose>Unspecified</pose>
		<truncated>0</truncated>
		<difficult>0</difficult>
		<bndbox>
			<xmin>498</xmin>
			<ymin>389</ymin>
			<xmax>734</xmax>
			<ymax>745</ymax>
		</bndbox>
	</object>
	<object>
		<name>column</name>
		<pose>Unspecified</pose>
		<truncated>0</truncated>
		<difficult>0</difficult>
		<bndbox>
			<xmin>145</xmin>
			<ymin>682</ymin>
			<xmax>381</xmax>
			<ymax>809</ymax>
		</bndbox>
	</object>
	<object>
		<name>column</name>
		<pose>Unspecified</pose>
		<truncated>0</truncated>
		<difficult>0</difficult>
		<bndbox>
			<xmin>76</xmin>
			<ymin>682</ymin>
			<xmax>130</xmax>
			<ymax>811</ymax>
		</bndbox>
	</object>
</annotation>
