<annotation>
	<folder>MARMOT_ANNOTATION</folder>
	<filename>10.1.1.35.9666_6.bmp</filename>
	<path>/home/monika/Desktop/MARMOT_ANNOTATION/10.1.1.35.9666_6.bmp</path>
	<source>
		<database>Unknown</database>
	</source>
	<size>
		<width>793</width>
		<height>1123</height>
		<depth>3</depth>
	</size>
	<segmented>0</segmented>
	<object>
		<name>column</name>
		<pose>Unspecified</pose>
		<truncated>0</truncated>
		<difficult>0</difficult>
		<bndbox>
			<xmin>416</xmin>
			<ymin>404</ymin>
			<xmax>450</xmax>
			<ymax>969</ymax>
		</bndbox>
	</object>
	<object>
		<name>column</name>
		<pose>Unspecified</pose>
		<truncated>0</truncated>
		<difficult>0</difficult>
		<bndbox>
			<xmin>572</xmin>
			<ymin>402</ymin>
			<xmax>713</xmax>
			<ymax>968</ymax>
		</bndbox>
	</object>
</annotation>
