<annotation>
	<folder>MARMOT_ANNOTATION</folder>
	<filename>10.1.1.49.1004_7.bmp</filename>
	<path>/home/monika/Desktop/MARMOT_ANNOTATION/10.1.1.49.1004_7.bmp</path>
	<source>
		<database>Unknown</database>
	</source>
	<size>
		<width>816</width>
		<height>1056</height>
		<depth>1</depth>
	</size>
	<segmented>0</segmented>
	<object>
		<name>column</name>
		<pose>Unspecified</pose>
		<truncated>0</truncated>
		<difficult>0</difficult>
		<bndbox>
			<xmin>125</xmin>
			<ymin>109</ymin>
			<xmax>167</xmax>
			<ymax>206</ymax>
		</bndbox>
	</object>
	<object>
		<name>column</name>
		<pose>Unspecified</pose>
		<truncated>0</truncated>
		<difficult>0</difficult>
		<bndbox>
			<xmin>218</xmin>
			<ymin>110</ymin>
			<xmax>255</xmax>
			<ymax>207</ymax>
		</bndbox>
	</object>
	<object>
		<name>column</name>
		<pose>Unspecified</pose>
		<truncated>0</truncated>
		<difficult>0</difficult>
		<bndbox>
			<xmin>298</xmin>
			<ymin>110</ymin>
			<xmax>335</xmax>
			<ymax>207</ymax>
		</bndbox>
	</object>
	<object>
		<name>column</name>
		<pose>Unspecified</pose>
		<truncated>0</truncated>
		<difficult>0</difficult>
		<bndbox>
			<xmin>383</xmin>
			<ymin>110</ymin>
			<xmax>442</xmax>
			<ymax>206</ymax>
		</bndbox>
	</object>
	<object>
		<name>column</name>
		<pose>Unspecified</pose>
		<truncated>0</truncated>
		<difficult>0</difficult>
		<bndbox>
			<xmin>494</xmin>
			<ymin>109</ymin>
			<xmax>532</xmax>
			<ymax>206</ymax>
		</bndbox>
	</object>
	<object>
		<name>column</name>
		<pose>Unspecified</pose>
		<truncated>0</truncated>
		<difficult>0</difficult>
		<bndbox>
			<xmin>576</xmin>
			<ymin>110</ymin>
			<xmax>643</xmax>
			<ymax>208</ymax>
		</bndbox>
	</object>
</annotation>
