<annotation>
	<folder>MARMOT_ANNOTATION</folder>
	<filename>10.1.1.34.7043_72.bmp</filename>
	<path>/home/monika/Desktop/MARMOT_ANNOTATION/10.1.1.34.7043_72.bmp</path>
	<source>
		<database>Unknown</database>
	</source>
	<size>
		<width>793</width>
		<height>1123</height>
		<depth>1</depth>
	</size>
	<segmented>0</segmented>
	<object>
		<name>column</name>
		<pose>Unspecified</pose>
		<truncated>0</truncated>
		<difficult>0</difficult>
		<bndbox>
			<xmin>94</xmin>
			<ymin>130</ymin>
			<xmax>285</xmax>
			<ymax>362</ymax>
		</bndbox>
	</object>
	<object>
		<name>column</name>
		<pose>Unspecified</pose>
		<truncated>0</truncated>
		<difficult>0</difficult>
		<bndbox>
			<xmin>411</xmin>
			<ymin>132</ymin>
			<xmax>502</xmax>
			<ymax>358</ymax>
		</bndbox>
	</object>
	<object>
		<name>column</name>
		<pose>Unspecified</pose>
		<truncated>0</truncated>
		<difficult>0</difficult>
		<bndbox>
			<xmin>553</xmin>
			<ymin>132</ymin>
			<xmax>644</xmax>
			<ymax>362</ymax>
		</bndbox>
	</object>
</annotation>
