<annotation>
	<folder>MARMOT_ANNOTATION</folder>
	<filename>10.1.1.1.2112_9.bmp</filename>
	<path>/home/monika/Desktop/MARMOT_ANNOTATION/10.1.1.1.2112_9.bmp</path>
	<source>
		<database>Unknown</database>
	</source>
	<size>
		<width>816</width>
		<height>1056</height>
		<depth>1</depth>
	</size>
	<segmented>0</segmented>
	<object>
		<name>column</name>
		<pose>Unspecified</pose>
		<truncated>0</truncated>
		<difficult>0</difficult>
		<bndbox>
			<xmin>200</xmin>
			<ymin>85</ymin>
			<xmax>244</xmax>
			<ymax>184</ymax>
		</bndbox>
	</object>
	<object>
		<name>column</name>
		<pose>Unspecified</pose>
		<truncated>0</truncated>
		<difficult>0</difficult>
		<bndbox>
			<xmin>275</xmin>
			<ymin>89</ymin>
			<xmax>309</xmax>
			<ymax>185</ymax>
		</bndbox>
	</object>
	<object>
		<name>column</name>
		<pose>Unspecified</pose>
		<truncated>0</truncated>
		<difficult>0</difficult>
		<bndbox>
			<xmin>349</xmin>
			<ymin>88</ymin>
			<xmax>388</xmax>
			<ymax>183</ymax>
		</bndbox>
	</object>
	<object>
		<name>column</name>
		<pose>Unspecified</pose>
		<truncated>0</truncated>
		<difficult>0</difficult>
		<bndbox>
			<xmin>460</xmin>
			<ymin>86</ymin>
			<xmax>506</xmax>
			<ymax>184</ymax>
		</bndbox>
	</object>
	<object>
		<name>column</name>
		<pose>Unspecified</pose>
		<truncated>0</truncated>
		<difficult>0</difficult>
		<bndbox>
			<xmin>527</xmin>
			<ymin>85</ymin>
			<xmax>556</xmax>
			<ymax>185</ymax>
		</bndbox>
	</object>
	<object>
		<name>column</name>
		<pose>Unspecified</pose>
		<truncated>0</truncated>
		<difficult>0</difficult>
		<bndbox>
			<xmin>579</xmin>
			<ymin>90</ymin>
			<xmax>613</xmax>
			<ymax>182</ymax>
		</bndbox>
	</object>
	<object>
		<name>column</name>
		<pose>Unspecified</pose>
		<truncated>0</truncated>
		<difficult>0</difficult>
		<bndbox>
			<xmin>583</xmin>
			<ymin>240</ymin>
			<xmax>627</xmax>
			<ymax>338</ymax>
		</bndbox>
	</object>
	<object>
		<name>column</name>
		<pose>Unspecified</pose>
		<truncated>0</truncated>
		<difficult>0</difficult>
		<bndbox>
			<xmin>521</xmin>
			<ymin>240</ymin>
			<xmax>565</xmax>
			<ymax>336</ymax>
		</bndbox>
	</object>
	<object>
		<name>column</name>
		<pose>Unspecified</pose>
		<truncated>0</truncated>
		<difficult>0</difficult>
		<bndbox>
			<xmin>448</xmin>
			<ymin>241</ymin>
			<xmax>502</xmax>
			<ymax>337</ymax>
		</bndbox>
	</object>
	<object>
		<name>column</name>
		<pose>Unspecified</pose>
		<truncated>0</truncated>
		<difficult>0</difficult>
		<bndbox>
			<xmin>335</xmin>
			<ymin>241</ymin>
			<xmax>381</xmax>
			<ymax>339</ymax>
		</bndbox>
	</object>
	<object>
		<name>column</name>
		<pose>Unspecified</pose>
		<truncated>0</truncated>
		<difficult>0</difficult>
		<bndbox>
			<xmin>257</xmin>
			<ymin>239</ymin>
			<xmax>300</xmax>
			<ymax>335</ymax>
		</bndbox>
	</object>
	<object>
		<name>column</name>
		<pose>Unspecified</pose>
		<truncated>0</truncated>
		<difficult>0</difficult>
		<bndbox>
			<xmin>185</xmin>
			<ymin>241</ymin>
			<xmax>228</xmax>
			<ymax>336</ymax>
		</bndbox>
	</object>
</annotation>
