<annotation>
	<folder>leftover</folder>
	<filename>10.1.1.185.1566_14.bmp</filename>
	<path>/home/shubham/Desktop/MARMOT_ANNOTATION/leftover/10.1.1.185.1566_14.bmp</path>
	<source>
		<database>Unknown</database>
	</source>
	<size>
		<width>816</width>
		<height>1056</height>
		<depth>1</depth>
	</size>
	<segmented>0</segmented>
	<object>
		<name>column</name>
		<pose>Unspecified</pose>
		<truncated>0</truncated>
		<difficult>0</difficult>
		<bndbox>
			<xmin>251</xmin>
			<ymin>154</ymin>
			<xmax>330</xmax>
			<ymax>496</ymax>
		</bndbox>
	</object>
	<object>
		<name>column</name>
		<pose>Unspecified</pose>
		<truncated>0</truncated>
		<difficult>0</difficult>
		<bndbox>
			<xmin>344</xmin>
			<ymin>158</ymin>
			<xmax>418</xmax>
			<ymax>490</ymax>
		</bndbox>
	</object>
	<object>
		<name>column</name>
		<pose>Unspecified</pose>
		<truncated>0</truncated>
		<difficult>0</difficult>
		<bndbox>
			<xmin>438</xmin>
			<ymin>175</ymin>
			<xmax>485</xmax>
			<ymax>492</ymax>
		</bndbox>
	</object>
	<object>
		<name>column</name>
		<pose>Unspecified</pose>
		<truncated>0</truncated>
		<difficult>0</difficult>
		<bndbox>
			<xmin>508</xmin>
			<ymin>175</ymin>
			<xmax>569</xmax>
			<ymax>496</ymax>
		</bndbox>
	</object>
</annotation>
