<annotation>
	<folder>MARMOT_ANNOTATION</folder>
	<filename>10.1.1.160.567_4.bmp</filename>
	<path>/home/monika/Desktop/MARMOT_ANNOTATION/10.1.1.160.567_4.bmp</path>
	<source>
		<database>Unknown</database>
	</source>
	<size>
		<width>816</width>
		<height>1056</height>
		<depth>1</depth>
	</size>
	<segmented>0</segmented>
	<object>
		<name>column</name>
		<pose>Unspecified</pose>
		<truncated>0</truncated>
		<difficult>0</difficult>
		<bndbox>
			<xmin>76</xmin>
			<ymin>749</ymin>
			<xmax>130</xmax>
			<ymax>929</ymax>
		</bndbox>
	</object>
	<object>
		<name>column</name>
		<pose>Unspecified</pose>
		<truncated>0</truncated>
		<difficult>0</difficult>
		<bndbox>
			<xmin>155</xmin>
			<ymin>797</ymin>
			<xmax>211</xmax>
			<ymax>931</ymax>
		</bndbox>
	</object>
	<object>
		<name>column</name>
		<pose>Unspecified</pose>
		<truncated>0</truncated>
		<difficult>0</difficult>
		<bndbox>
			<xmin>237</xmin>
			<ymin>799</ymin>
			<xmax>292</xmax>
			<ymax>930</ymax>
		</bndbox>
	</object>
	<object>
		<name>column</name>
		<pose>Unspecified</pose>
		<truncated>0</truncated>
		<difficult>0</difficult>
		<bndbox>
			<xmin>315</xmin>
			<ymin>798</ymin>
			<xmax>373</xmax>
			<ymax>930</ymax>
		</bndbox>
	</object>
</annotation>
