<annotation>
	<folder>MARMOT_ANNOTATION</folder>
	<filename>10.1.1.120.1525_53.bmp</filename>
	<path>/home/monika/Desktop/MARMOT_ANNOTATION/10.1.1.120.1525_53.bmp</path>
	<source>
		<database>Unknown</database>
	</source>
	<size>
		<width>794</width>
		<height>1123</height>
		<depth>1</depth>
	</size>
	<segmented>0</segmented>
	<object>
		<name>column</name>
		<pose>Unspecified</pose>
		<truncated>0</truncated>
		<difficult>0</difficult>
		<bndbox>
			<xmin>104</xmin>
			<ymin>679</ymin>
			<xmax>292</xmax>
			<ymax>813</ymax>
		</bndbox>
	</object>
	<object>
		<name>column</name>
		<pose>Unspecified</pose>
		<truncated>0</truncated>
		<difficult>0</difficult>
		<bndbox>
			<xmin>312</xmin>
			<ymin>677</ymin>
			<xmax>369</xmax>
			<ymax>815</ymax>
		</bndbox>
	</object>
</annotation>
