<annotation>
	<folder>MARMOT_ANNOTATION</folder>
	<filename>10.1.1.100.2006_8.bmp</filename>
	<path>/home/monika/Desktop/MARMOT_ANNOTATION/10.1.1.100.2006_8.bmp</path>
	<source>
		<database>Unknown</database>
	</source>
	<size>
		<width>795</width>
		<height>1123</height>
		<depth>1</depth>
	</size>
	<segmented>0</segmented>
	<object>
		<name>column</name>
		<pose>Unspecified</pose>
		<truncated>0</truncated>
		<difficult>0</difficult>
		<bndbox>
			<xmin>167</xmin>
			<ymin>272</ymin>
			<xmax>178</xmax>
			<ymax>621</ymax>
		</bndbox>
	</object>
	<object>
		<name>column</name>
		<pose>Unspecified</pose>
		<truncated>0</truncated>
		<difficult>0</difficult>
		<bndbox>
			<xmin>222</xmin>
			<ymin>273</ymin>
			<xmax>298</xmax>
			<ymax>623</ymax>
		</bndbox>
	</object>
	<object>
		<name>column</name>
		<pose>Unspecified</pose>
		<truncated>0</truncated>
		<difficult>0</difficult>
		<bndbox>
			<xmin>316</xmin>
			<ymin>270</ymin>
			<xmax>409</xmax>
			<ymax>622</ymax>
		</bndbox>
	</object>
	<object>
		<name>column</name>
		<pose>Unspecified</pose>
		<truncated>0</truncated>
		<difficult>0</difficult>
		<bndbox>
			<xmin>430</xmin>
			<ymin>272</ymin>
			<xmax>524</xmax>
			<ymax>621</ymax>
		</bndbox>
	</object>
	<object>
		<name>column</name>
		<pose>Unspecified</pose>
		<truncated>0</truncated>
		<difficult>0</difficult>
		<bndbox>
			<xmin>563</xmin>
			<ymin>271</ymin>
			<xmax>620</xmax>
			<ymax>623</ymax>
		</bndbox>
	</object>
</annotation>
