<annotation>
	<folder>leftover</folder>
	<filename>10.1.1.38.2480_2.bmp</filename>
	<path>/home/shubham/Desktop/MARMOT_ANNOTATION/leftover/10.1.1.38.2480_2.bmp</path>
	<source>
		<database>Unknown</database>
	</source>
	<size>
		<width>816</width>
		<height>1056</height>
		<depth>1</depth>
	</size>
	<segmented>0</segmented>
	<object>
		<name>column</name>
		<pose>Unspecified</pose>
		<truncated>0</truncated>
		<difficult>0</difficult>
		<bndbox>
			<xmin>458</xmin>
			<ymin>483</ymin>
			<xmax>498</xmax>
			<ymax>604</ymax>
		</bndbox>
	</object>
	<object>
		<name>column</name>
		<pose>Unspecified</pose>
		<truncated>0</truncated>
		<difficult>0</difficult>
		<bndbox>
			<xmin>515</xmin>
			<ymin>483</ymin>
			<xmax>585</xmax>
			<ymax>603</ymax>
		</bndbox>
	</object>
	<object>
		<name>column</name>
		<pose>Unspecified</pose>
		<truncated>0</truncated>
		<difficult>0</difficult>
		<bndbox>
			<xmin>603</xmin>
			<ymin>485</ymin>
			<xmax>643</xmax>
			<ymax>605</ymax>
		</bndbox>
	</object>
	<object>
		<name>column</name>
		<pose>Unspecified</pose>
		<truncated>0</truncated>
		<difficult>0</difficult>
		<bndbox>
			<xmin>662</xmin>
			<ymin>486</ymin>
			<xmax>705</xmax>
			<ymax>603</ymax>
		</bndbox>
	</object>
</annotation>
