<annotation>
	<folder>MARMOT_ANNOTATION</folder>
	<filename>10.1.1.185.1560_13.bmp</filename>
	<path>/home/monika/Desktop/MARMOT_ANNOTATION/10.1.1.185.1560_13.bmp</path>
	<source>
		<database>Unknown</database>
	</source>
	<size>
		<width>816</width>
		<height>1056</height>
		<depth>1</depth>
	</size>
	<segmented>0</segmented>
	<object>
		<name>column</name>
		<pose>Unspecified</pose>
		<truncated>0</truncated>
		<difficult>0</difficult>
		<bndbox>
			<xmin>112</xmin>
			<ymin>217</ymin>
			<xmax>229</xmax>
			<ymax>570</ymax>
		</bndbox>
	</object>
	<object>
		<name>column</name>
		<pose>Unspecified</pose>
		<truncated>0</truncated>
		<difficult>0</difficult>
		<bndbox>
			<xmin>249</xmin>
			<ymin>211</ymin>
			<xmax>474</xmax>
			<ymax>566</ymax>
		</bndbox>
	</object>
	<object>
		<name>column</name>
		<pose>Unspecified</pose>
		<truncated>0</truncated>
		<difficult>0</difficult>
		<bndbox>
			<xmin>497</xmin>
			<ymin>214</ymin>
			<xmax>703</xmax>
			<ymax>566</ymax>
		</bndbox>
	</object>
</annotation>
